{"cameraMode":{"drawMode":0,"name":"Shaded","section":"Shading Mode"},"sceneLighting":true,"audioPlay":false,"sceneViewState":{"m_AlwaysRefresh":false,"showFog":true,"showSkybox":true,"showFlares":true,"showImageEffects":true,"showParticleSystems":true,"showVisualEffectGraphs":true,"m_FxEnabled":true},"in2DMode":false,"pivot":{"x":2559.626953125,"y":1.1457602977752686,"z":0.2057485580444336},"rotation":{"x":-0.025784626603126527,"y":-0.041377220302820209,"z":0.0010684828739613295,"w":-0.9988173246383667},"size":2.223931312561035,"orthographic":false}