{"cameraMode":{"drawMode":0,"name":"Shaded","section":"Shading Mode"},"sceneLighting":true,"audioPlay":false,"sceneViewState":{"m_AlwaysRefresh":false,"showFog":true,"showSkybox":true,"showFlares":true,"showImageEffects":true,"showParticleSystems":true,"showVisualEffectGraphs":true,"m_FxEnabled":true},"in2DMode":false,"pivot":{"x":-1.1431005001068116,"y":2.3936309814453127,"z":3.5612733364105226},"rotation":{"x":0.022278383374214174,"y":0.9723899960517883,"z":-0.10426055639982224,"w":0.20788826048374177},"size":0.3061862289905548,"orthographic":false}