{"cameraMode":{"drawMode":0,"name":"Shaded","section":"Shading Mode"},"sceneLighting":true,"audioPlay":false,"sceneViewState":{"m_AlwaysRefresh":false,"showFog":true,"showSkybox":true,"showFlares":true,"showImageEffects":true,"showParticleSystems":true,"showVisualEffectGraphs":true,"m_FxEnabled":true},"in2DMode":false,"pivot":{"x":-14.898101806640625,"y":4.531182765960693,"z":-4.572084903717041},"rotation":{"x":0.07653097063302994,"y":0.07558505237102509,"z":-0.005698459688574076,"w":0.9942868947982788},"size":1.9577821493148804,"orthographic":false}