{"cameraMode":{"drawMode":0,"name":"Shaded","section":"Shading Mode"},"sceneLighting":true,"audioPlay":false,"sceneViewState":{"m_AlwaysRefresh":false,"showFog":true,"showSkybox":true,"showFlares":true,"showImageEffects":true,"showParticleSystems":true,"showVisualEffectGraphs":true,"m_FxEnabled":true},"in2DMode":false,"pivot":{"x":8.871990203857422,"y":4.054922580718994,"z":18.077533721923829},"rotation":{"x":0.002631964161992073,"y":-0.20640991628170014,"z":-0.0005587481427937746,"w":-0.9784736633300781},"size":12.12435531616211,"orthographic":false}