{"cameraMode":{"drawMode":0,"name":"Shaded","section":"Shading Mode"},"sceneLighting":false,"audioPlay":false,"sceneViewState":{"m_AlwaysRefresh":false,"showFog":true,"showSkybox":false,"showFlares":true,"showImageEffects":true,"showParticleSystems":true,"showVisualEffectGraphs":true,"m_FxEnabled":true},"in2DMode":false,"pivot":{"x":8.344650268554688e-7,"y":1.8608897924423218,"z":-0.05252087116241455},"rotation":{"x":-0.009518400765955449,"y":-0.9151997566223145,"z":0.4024735689163208,"w":-0.02171708084642887},"size":1.5253727436065674,"orthographic":false}