{"cameraMode":{"drawMode":0,"name":"Shaded","section":"Shading Mode"},"sceneLighting":false,"audioPlay":false,"sceneViewState":{"m_AlwaysRefresh":false,"showFog":true,"showSkybox":false,"showFlares":true,"showImageEffects":true,"showParticleSystems":true,"showVisualEffectGraphs":true,"m_FxEnabled":true},"in2DMode":false,"pivot":{"x":0.3857223391532898,"y":-0.9056306481361389,"z":0.22400911152362824},"rotation":{"x":0.024450013414025308,"y":0.7103231549263,"z":0.02473425678908825,"w":-0.7030956745147705},"size":0.12933826446533204,"orthographic":false}